﻿<?xml version="1.0" encoding="utf-8"?>
<circuit version="1.4" xmlns="http://schemas.circuit-diagram.org/circuitDiagramDocument/2012/document">
	<properties>
		<width>480</width>
		<height>320</height>
	</properties>
	<definitions>
		<src col="http://schemas.circuit-diagram.org/circuitDiagramDocument/2012/components/common">
			<add id="0" item="led" p4:guid="50cc071a-0abc-4276-a7a0-a5bff9cc0374" p4:version="1.0.0" xmlns:p4="http://schemas.circuit-diagram.org/circuitDiagramDocument/2012/document/component-descriptions" />
			<add id="1" item="resistor" p4:guid="dab6d52b-51a0-49b0-bc40-3cda966148aa" p4:version="4.0.0" xmlns:p4="http://schemas.circuit-diagram.org/circuitDiagramDocument/2012/document/component-descriptions" />
			<add id="2" item="microcontroller" p4:guid="2cd49d7c-eb1a-4fe4-9104-c45023e3fc95" p4:version="1.1.0" xmlns:p4="http://schemas.circuit-diagram.org/circuitDiagramDocument/2012/document/component-descriptions" />
			<add id="3" item="microcontroller" p4:guid="e5f38005-4715-44a2-b746-a25d3b6c1980" p4:version="2.0.0" xmlns:p4="http://schemas.circuit-diagram.org/circuitDiagramDocument/2012/document/component-descriptions" />
		</src>
	</definitions>
	<elements>
		<w x="440" y="30" o="v" sz="50" flp="false" />
		<w x="180" y="240" o="h" sz="90" flp="false" />
		<w x="270" y="120" o="v" sz="120" flp="false" />
		<w x="180" y="220" o="h" sz="60" flp="false" />
		<w x="240" y="120" o="v" sz="100" flp="false" />
		<w x="180" y="200" o="h" sz="30" flp="false" />
		<w x="210" y="120" o="v" sz="80" flp="false" />
		<w x="270" y="80" o="v" sz="10" flp="false" />
		<w x="240" y="80" o="v" sz="10" flp="false" />
		<w x="210" y="80" o="v" sz="10" flp="false" />
		<c id="0" tp="{0}" x="210" y="90" o="v" sz="30" flp="true">
			<prs>
				<p k="t" v="LED" />
			</prs>
			<cns>
				<cn id="0" pt="an" />
				<cn id="1" pt="cat" />
			</cns>
		</c>
		<c id="1" tp="{0}" x="270" y="90" o="v" sz="30" flp="true">
			<prs>
				<p k="t" v="LED" />
			</prs>
			<cns>
				<cn id="2" pt="an" />
				<cn id="3" pt="cat" />
			</cns>
		</c>
		<c id="2" tp="{0}" x="240" y="90" o="v" sz="30" flp="true">
			<prs>
				<p k="t" v="LED" />
			</prs>
			<cns>
				<cn id="4" pt="an" />
				<cn id="5" pt="cat" />
			</cns>
		</c>
		<c id="3" tp="{1}" x="270" y="30" o="v" sz="50" flp="false">
			<prs>
				<p k="style" v="IEC" />
				<p k="text" v="" />
				<p k="resistance" v="4700" />
				<p k="showResistance" v="False" />
				<p k="t" v="Standard" />
			</prs>
			<cns>
				<cn id="3" pt="b" />
				<cn id="6" pt="a" />
			</cns>
		</c>
		<c id="4" tp="{1}" x="240" y="30" o="v" sz="50" flp="false">
			<prs>
				<p k="style" v="IEC" />
				<p k="text" v="" />
				<p k="resistance" v="4700" />
				<p k="showResistance" v="False" />
				<p k="t" v="Standard" />
			</prs>
			<cns>
				<cn id="5" pt="b" />
				<cn id="6" pt="a" />
			</cns>
		</c>
		<c id="5" tp="{1}" x="210" y="30" o="v" sz="50" flp="false">
			<prs>
				<p k="style" v="IEC" />
				<p k="text" v="" />
				<p k="resistance" v="4700" />
				<p k="showResistance" v="False" />
				<p k="t" v="Standard" />
			</prs>
			<cns>
				<cn id="1" pt="b" />
				<cn id="6" pt="a" />
			</cns>
		</c>
		<w x="320" y="30" o="v" sz="50" flp="false" />
		<w x="320" y="30" o="h" sz="120" flp="false" />
		<w x="180" y="180" o="h" sz="260" flp="false" />
		<w x="440" y="180" o="v" sz="50" flp="false" />
		<w x="180" y="260" o="h" sz="140" flp="false" />
		<w x="320" y="240" o="v" sz="20" flp="false" />
		<w x="320" y="80" o="v" sz="150" flp="false" />
		<c id="6" tp="{2}" x="320" y="230" o="h" sz="120" flp="false">
			<prs>
				<p k="header" v="DS18B20" />
				<p k="sz" v="4" />
				<p k="p0" v="VCC" />
				<p k="p1" v="DATA" />
				<p k="p2" v="GND" />
				<p k="p3" v="" />
				<p k="p4" v="" />
				<p k="p5" v="" />
				<p k="p6" v="" />
				<p k="p7" v="" />
				<p k="p8" v="" />
				<p k="p9" v="" />
				<p k="p10" v="" />
				<p k="p11" v="" />
				<p k="p12" v="" />
				<p k="p13" v="" />
				<p k="p14" v="" />
				<p k="p15" v="" />
				<p k="p16" v="" />
				<p k="p17" v="" />
				<p k="p18" v="" />
				<p k="p19" v="" />
				<p k="p20" v="" />
				<p k="p21" v="" />
				<p k="p22" v="" />
				<p k="p23" v="" />
				<p k="p24" v="" />
				<p k="p25" v="" />
				<p k="p26" v="" />
				<p k="p27" v="" />
				<p k="p28" v="" />
				<p k="p29" v="" />
				<p k="p30" v="" />
				<p k="p31" v="" />
				<p k="p32" v="" />
				<p k="p33" v="" />
				<p k="p34" v="" />
				<p k="p35" v="" />
				<p k="p36" v="" />
				<p k="p37" v="" />
				<p k="p38" v="" />
				<p k="p39" v="" />
			</prs>
			<cns>
				<cn id="7" pt="#1" />
				<cn id="8" pt="#2" />
				<cn id="6" pt="#0" />
			</cns>
		</c>
		<w x="20" y="280" o="h" sz="40" flp="false" />
		<w x="20" y="30" o="v" sz="250" flp="false" />
		<w x="20" y="30" o="h" sz="300" flp="false" />
		<w x="440" y="80" o="v" sz="20" flp="false" />
		<w x="440" y="150" o="v" sz="30" flp="false" />
		<c id="7" tp="{1}" x="440" y="100" o="v" sz="50" flp="false">
			<prs>
				<p k="style" v="IEC" />
				<p k="text" v="" />
				<p k="resistance" v="4700" />
				<p k="showResistance" v="True" />
				<p k="t" v="Standard" />
			</prs>
			<cns>
				<cn id="6" pt="a" />
				<cn id="7" pt="b" />
			</cns>
		</c>
		<c id="8" tp="{3}" x="60" y="220" o="h" sz="120" flp="false">
			<prs>
				<p k="sz" v="16" />
				<p k="p0" v="RST" />
				<p k="p1" v="TX" />
				<p k="p2" v="A0" />
				<p k="p3" v="RX" />
				<p k="p4" v="D0" />
				<p k="p5" v="D1" />
				<p k="p6" v="D5" />
				<p k="p7" v="D2" />
				<p k="p8" v="D6" />
				<p k="p9" v="D3" />
				<p k="p10" v="D7" />
				<p k="p11" v="D4" />
				<p k="p12" v="D8" />
				<p k="p13" v="GND" />
				<p k="p14" v="3.3v" />
				<p k="p15" v="5.0v" />
				<p k="p16" v="" />
				<p k="p17" v="" />
				<p k="p18" v="" />
				<p k="p19" v="" />
				<p k="p20" v="" />
				<p k="p21" v="" />
				<p k="p22" v="" />
				<p k="p23" v="" />
				<p k="p24" v="" />
				<p k="p25" v="" />
				<p k="p26" v="" />
				<p k="p27" v="" />
			</prs>
			<cns>
				<cn id="2" pt="#11" />
				<cn id="4" pt="#9" />
				<cn id="0" pt="#7" />
				<cn id="7" pt="#5" />
				<cn id="8" pt="#13" />
				<cn id="6" pt="#14" />
			</cns>
		</c>
	</elements>
</circuit>