﻿<?xml version="1.0" encoding="utf-8"?>
<circuit version="1.4" xmlns="http://schemas.circuit-diagram.org/circuitDiagramDocument/2012/document">
	<properties>
		<width>700</width>
		<height>400</height>
	</properties>
	<definitions>
		<src col="http://schemas.circuit-diagram.org/circuitDiagramDocument/2012/components/misc">
			<add id="0" item="extconnection" p4:guid="c9e06233-ea3e-49c6-ad03-914e8871787b" p4:version="2.0.0" xmlns:p4="http://schemas.circuit-diagram.org/circuitDiagramDocument/2012/document/component-descriptions" />
		</src>
		<src col="http://schemas.circuit-diagram.org/circuitDiagramDocument/2012/components/common">
			<add id="1" item="microcontroller" p4:guid="2cd49d7c-eb1a-4fe4-9104-c45023e3fc95" p4:version="1.1.0" xmlns:p4="http://schemas.circuit-diagram.org/circuitDiagramDocument/2012/document/component-descriptions" />
			<add id="2" item="resistor" p4:guid="dab6d52b-51a0-49b0-bc40-3cda966148aa" p4:version="4.0.0" xmlns:p4="http://schemas.circuit-diagram.org/circuitDiagramDocument/2012/document/component-descriptions" />
			<add id="3" item="led" p4:guid="50cc071a-0abc-4276-a7a0-a5bff9cc0374" p4:version="1.0.0" xmlns:p4="http://schemas.circuit-diagram.org/circuitDiagramDocument/2012/document/component-descriptions" />
			<add id="4" item="microcontroller" p4:guid="e5f38005-4715-44a2-b746-a25d3b6c1980" p4:version="2.0.0" xmlns:p4="http://schemas.circuit-diagram.org/circuitDiagramDocument/2012/document/component-descriptions" />
		</src>
	</definitions>
	<elements>
		<w x="180" y="200" o="h" sz="30" flp="false" />
		<w x="180" y="180" o="v" sz="20" flp="false" />
		<w x="30" y="180" o="h" sz="150" flp="false" />
		<w x="30" y="180" o="v" sz="40" flp="false" />
		<w x="180" y="240" o="h" sz="30" flp="false" />
		<w x="180" y="240" o="v" sz="20" flp="false" />
		<w x="30" y="260" o="h" sz="150" flp="false" />
		<w x="30" y="230" o="v" sz="30" flp="false" />
		<w x="230" y="200" o="v" sz="80" flp="false" />
		<w x="220" y="200" o="h" sz="10" flp="false" />
		<w x="220" y="280" o="h" sz="10" flp="false" />
		<c id="0" tp="{0}" x="210" y="200" o="h" sz="10" flp="false">
			<prs>
				<p k="text" v="" />
				<p k="textpos" v="False" />
			</prs>
			<cns>
				<cn id="0" pt="com" />
			</cns>
		</c>
		<w x="150" y="220" o="h" sz="60" flp="false" />
		<c id="1" tp="{1}" x="30" y="220" o="h" sz="120" flp="false">
			<prs>
				<p k="header" v="Hall Effect Sensor" />
				<p k="sz" v="4" />
				<p k="p0" v="VCC" />
				<p k="p1" v="OUT" />
				<p k="p2" v="GND" />
				<p k="p3" v="" />
				<p k="p4" v="" />
				<p k="p5" v="" />
				<p k="p6" v="" />
				<p k="p7" v="" />
				<p k="p8" v="" />
				<p k="p9" v="" />
				<p k="p10" v="" />
				<p k="p11" v="" />
				<p k="p12" v="" />
				<p k="p13" v="" />
				<p k="p14" v="" />
				<p k="p15" v="" />
				<p k="p16" v="" />
				<p k="p17" v="" />
				<p k="p18" v="" />
				<p k="p19" v="" />
				<p k="p20" v="" />
				<p k="p21" v="" />
				<p k="p22" v="" />
				<p k="p23" v="" />
				<p k="p24" v="" />
				<p k="p25" v="" />
				<p k="p26" v="" />
				<p k="p27" v="" />
				<p k="p28" v="" />
				<p k="p29" v="" />
				<p k="p30" v="" />
				<p k="p31" v="" />
				<p k="p32" v="" />
				<p k="p33" v="" />
				<p k="p34" v="" />
				<p k="p35" v="" />
				<p k="p36" v="" />
				<p k="p37" v="" />
				<p k="p38" v="" />
				<p k="p39" v="" />
			</prs>
			<cns>
				<cn id="0" pt="#0" />
				<cn id="1" pt="#2" />
				<cn id="2" pt="#1" />
			</cns>
		</c>
		<w x="180" y="360" o="h" sz="30" flp="false" />
		<w x="180" y="360" o="v" sz="20" flp="false" />
		<w x="30" y="380" o="h" sz="150" flp="false" />
		<w x="30" y="350" o="v" sz="30" flp="false" />
		<w x="30" y="300" o="v" sz="40" flp="false" />
		<w x="30" y="300" o="h" sz="150" flp="false" />
		<w x="180" y="300" o="v" sz="20" flp="false" />
		<w x="180" y="320" o="h" sz="30" flp="false" />
		<w x="150" y="340" o="h" sz="60" flp="false" />
		<w x="310" y="310" o="v" sz="50" flp="false" />
		<w x="220" y="360" o="h" sz="90" flp="false" />
		<w x="290" y="280" o="v" sz="10" flp="false" />
		<w x="230" y="280" o="h" sz="120" flp="false" />
		<w x="220" y="280" o="v" sz="40" flp="false" />
		<c id="2" tp="{0}" x="210" y="360" o="h" sz="10" flp="false">
			<prs>
				<p k="text" v="" />
				<p k="textpos" v="False" />
			</prs>
			<cns>
				<cn id="1" pt="com" />
			</cns>
		</c>
		<c id="3" tp="{0}" x="210" y="340" o="h" sz="10" flp="false">
			<prs>
				<p k="text" v="" />
				<p k="textpos" v="False" />
			</prs>
			<cns>
				<cn id="3" pt="com" />
			</cns>
		</c>
		<c id="4" tp="{0}" x="210" y="320" o="h" sz="10" flp="false">
			<prs>
				<p k="text" v="" />
				<p k="textpos" v="False" />
			</prs>
			<cns>
				<cn id="0" pt="com" />
			</cns>
		</c>
		<w x="220" y="340" o="h" sz="460" flp="false" />
		<w x="680" y="180" o="v" sz="160" flp="false" />
		<w x="180" y="90" o="h" sz="30" flp="false" />
		<w x="180" y="70" o="v" sz="20" flp="false" />
		<w x="30" y="70" o="h" sz="150" flp="false" />
		<w x="30" y="70" o="v" sz="40" flp="false" />
		<w x="30" y="120" o="v" sz="30" flp="false" />
		<w x="30" y="150" o="h" sz="150" flp="false" />
		<w x="180" y="130" o="v" sz="20" flp="false" />
		<w x="180" y="130" o="h" sz="30" flp="false" />
		<w x="150" y="110" o="h" sz="60" flp="false" />
		<c id="5" tp="{1}" x="30" y="110" o="h" sz="120" flp="false">
			<prs>
				<p k="header" v="Hall Effect Sensor" />
				<p k="sz" v="4" />
				<p k="p0" v="VCC" />
				<p k="p1" v="OUT" />
				<p k="p2" v="GND" />
				<p k="p3" v="" />
				<p k="p4" v="" />
				<p k="p5" v="" />
				<p k="p6" v="" />
				<p k="p7" v="" />
				<p k="p8" v="" />
				<p k="p9" v="" />
				<p k="p10" v="" />
				<p k="p11" v="" />
				<p k="p12" v="" />
				<p k="p13" v="" />
				<p k="p14" v="" />
				<p k="p15" v="" />
				<p k="p16" v="" />
				<p k="p17" v="" />
				<p k="p18" v="" />
				<p k="p19" v="" />
				<p k="p20" v="" />
				<p k="p21" v="" />
				<p k="p22" v="" />
				<p k="p23" v="" />
				<p k="p24" v="" />
				<p k="p25" v="" />
				<p k="p26" v="" />
				<p k="p27" v="" />
				<p k="p28" v="" />
				<p k="p29" v="" />
				<p k="p30" v="" />
				<p k="p31" v="" />
				<p k="p32" v="" />
				<p k="p33" v="" />
				<p k="p34" v="" />
				<p k="p35" v="" />
				<p k="p36" v="" />
				<p k="p37" v="" />
				<p k="p38" v="" />
				<p k="p39" v="" />
			</prs>
			<cns>
				<cn id="0" pt="#0" />
				<cn id="1" pt="#2" />
				<cn id="4" pt="#1" />
			</cns>
		</c>
		<w x="290" y="160" o="h" sz="50" flp="false" />
		<c id="6" tp="{2}" x="290" y="110" o="v" sz="50" flp="false">
			<prs>
				<p k="style" v="IEC" />
				<p k="text" v="" />
				<p k="resistance" v="10000" />
				<p k="showResistance" v="True" />
				<p k="t" v="Standard" />
			</prs>
			<cns>
				<cn id="0" pt="b" />
				<cn id="4" pt="a" />
			</cns>
		</c>
		<w x="230" y="90" o="h" sz="110" flp="false" />
		<w x="240" y="130" o="v" sz="110" flp="false" />
		<w x="220" y="130" o="h" sz="20" flp="false" />
		<c id="7" tp="{0}" x="210" y="90" o="h" sz="20" flp="false">
			<prs>
				<p k="text" v="" />
				<p k="textpos" v="False" />
			</prs>
			<cns>
				<cn id="0" pt="com" />
			</cns>
		</c>
		<c id="8" tp="{0}" x="210" y="130" o="h" sz="10" flp="false">
			<prs>
				<p k="text" v="" />
				<p k="textpos" v="False" />
			</prs>
			<cns>
				<cn id="1" pt="com" />
			</cns>
		</c>
		<c id="9" tp="{0}" x="210" y="110" o="h" sz="20" flp="false">
			<prs>
				<p k="text" v="" />
				<p k="textpos" v="False" />
			</prs>
			<cns>
				<cn id="4" pt="com" />
			</cns>
		</c>
		<w x="230" y="110" o="h" sz="130" flp="false" />
		<w x="360" y="110" o="v" sz="90" flp="false" />
		<w x="360" y="200" o="h" sz="20" flp="false" />
		<w x="290" y="170" o="h" sz="50" flp="false" />
		<c id="10" tp="{2}" x="290" y="170" o="v" sz="50" flp="false">
			<prs>
				<p k="style" v="IEC" />
				<p k="text" v="" />
				<p k="resistance" v="10000" />
				<p k="showResistance" v="True" />
				<p k="t" v="Standard" />
			</prs>
			<cns>
				<cn id="0" pt="a" />
				<cn id="2" pt="b" />
			</cns>
		</c>
		<w x="540" y="260" o="v" sz="50" flp="false" />
		<w x="310" y="310" o="h" sz="230" flp="false" />
		<w x="310" y="240" o="v" sz="70" flp="false" />
		<w x="220" y="240" o="h" sz="90" flp="false" />
		<c id="11" tp="{0}" x="210" y="240" o="h" sz="10" flp="false">
			<prs>
				<p k="text" v="" />
				<p k="textpos" v="False" />
			</prs>
			<cns>
				<cn id="1" pt="com" />
			</cns>
		</c>
		<c id="12" tp="{0}" x="210" y="220" o="h" sz="10" flp="false">
			<prs>
				<p k="text" v="" />
				<p k="textpos" v="False" />
			</prs>
			<cns>
				<cn id="2" pt="com" />
			</cns>
		</c>
		<w x="220" y="220" o="h" sz="160" flp="false" />
		<w x="500" y="240" o="h" sz="90" flp="false" />
		<w x="590" y="120" o="v" sz="120" flp="false" />
		<w x="500" y="220" o="h" sz="60" flp="false" />
		<w x="560" y="120" o="v" sz="100" flp="false" />
		<w x="500" y="200" o="h" sz="30" flp="false" />
		<w x="530" y="120" o="v" sz="80" flp="false" />
		<w x="590" y="80" o="v" sz="10" flp="false" />
		<w x="560" y="80" o="v" sz="10" flp="false" />
		<w x="530" y="80" o="v" sz="10" flp="false" />
		<c id="13" tp="{3}" x="530" y="90" o="v" sz="30" flp="true">
			<prs>
				<p k="t" v="LED" />
			</prs>
			<cns>
				<cn id="5" pt="an" />
				<cn id="6" pt="cat" />
			</cns>
		</c>
		<c id="14" tp="{3}" x="590" y="90" o="v" sz="30" flp="true">
			<prs>
				<p k="t" v="LED" />
			</prs>
			<cns>
				<cn id="7" pt="an" />
				<cn id="8" pt="cat" />
			</cns>
		</c>
		<c id="15" tp="{3}" x="560" y="90" o="v" sz="30" flp="true">
			<prs>
				<p k="t" v="LED" />
			</prs>
			<cns>
				<cn id="9" pt="an" />
				<cn id="10" pt="cat" />
			</cns>
		</c>
		<c id="16" tp="{2}" x="590" y="30" o="v" sz="50" flp="false">
			<prs>
				<p k="style" v="IEC" />
				<p k="text" v="" />
				<p k="resistance" v="4700" />
				<p k="showResistance" v="False" />
				<p k="t" v="Standard" />
			</prs>
			<cns>
				<cn id="8" pt="b" />
				<cn id="0" pt="a" />
			</cns>
		</c>
		<c id="17" tp="{2}" x="560" y="30" o="v" sz="50" flp="false">
			<prs>
				<p k="style" v="IEC" />
				<p k="text" v="" />
				<p k="resistance" v="4700" />
				<p k="showResistance" v="False" />
				<p k="t" v="Standard" />
			</prs>
			<cns>
				<cn id="10" pt="b" />
				<cn id="0" pt="a" />
			</cns>
		</c>
		<c id="18" tp="{2}" x="530" y="30" o="v" sz="50" flp="false">
			<prs>
				<p k="style" v="IEC" />
				<p k="text" v="" />
				<p k="resistance" v="4700" />
				<p k="showResistance" v="False" />
				<p k="t" v="Standard" />
			</prs>
			<cns>
				<cn id="6" pt="b" />
				<cn id="0" pt="a" />
			</cns>
		</c>
		<w x="500" y="180" o="h" sz="180" flp="false" />
		<w x="500" y="260" o="h" sz="40" flp="false" />
		<c id="19" tp="{1}" x="30" y="340" o="h" sz="120" flp="false">
			<prs>
				<p k="header" v="DS18B20" />
				<p k="sz" v="4" />
				<p k="p0" v="VCC" />
				<p k="p1" v="DATA" />
				<p k="p2" v="GND" />
				<p k="p3" v="" />
				<p k="p4" v="" />
				<p k="p5" v="" />
				<p k="p6" v="" />
				<p k="p7" v="" />
				<p k="p8" v="" />
				<p k="p9" v="" />
				<p k="p10" v="" />
				<p k="p11" v="" />
				<p k="p12" v="" />
				<p k="p13" v="" />
				<p k="p14" v="" />
				<p k="p15" v="" />
				<p k="p16" v="" />
				<p k="p17" v="" />
				<p k="p18" v="" />
				<p k="p19" v="" />
				<p k="p20" v="" />
				<p k="p21" v="" />
				<p k="p22" v="" />
				<p k="p23" v="" />
				<p k="p24" v="" />
				<p k="p25" v="" />
				<p k="p26" v="" />
				<p k="p27" v="" />
				<p k="p28" v="" />
				<p k="p29" v="" />
				<p k="p30" v="" />
				<p k="p31" v="" />
				<p k="p32" v="" />
				<p k="p33" v="" />
				<p k="p34" v="" />
				<p k="p35" v="" />
				<p k="p36" v="" />
				<p k="p37" v="" />
				<p k="p38" v="" />
				<p k="p39" v="" />
			</prs>
			<cns>
				<cn id="1" pt="#2" />
				<cn id="0" pt="#0" />
				<cn id="3" pt="#1" />
			</cns>
		</c>
		<w x="340" y="280" o="h" sz="40" flp="false" />
		<w x="340" y="30" o="v" sz="250" flp="false" />
		<w x="340" y="30" o="h" sz="250" flp="false" />
		<c id="20" tp="{2}" x="290" y="290" o="v" sz="50" flp="false">
			<prs>
				<p k="style" v="IEC" />
				<p k="text" v="" />
				<p k="resistance" v="4700" />
				<p k="showResistance" v="True" />
				<p k="t" v="Standard" />
			</prs>
			<cns>
				<cn id="0" pt="a" />
				<cn id="3" pt="b" />
			</cns>
		</c>
		<c id="21" tp="{4}" x="380" y="220" o="h" sz="120" flp="false">
			<prs>
				<p k="sz" v="16" />
				<p k="p0" v="RST" />
				<p k="p1" v="TX" />
				<p k="p2" v="A0" />
				<p k="p3" v="RX" />
				<p k="p4" v="D0" />
				<p k="p5" v="D1" />
				<p k="p6" v="D5" />
				<p k="p7" v="D2" />
				<p k="p8" v="D6" />
				<p k="p9" v="D3" />
				<p k="p10" v="D7" />
				<p k="p11" v="D4" />
				<p k="p12" v="D8" />
				<p k="p13" v="GND" />
				<p k="p14" v="3.3v" />
				<p k="p15" v="5.0v" />
				<p k="p16" v="" />
				<p k="p17" v="" />
				<p k="p18" v="" />
				<p k="p19" v="" />
				<p k="p20" v="" />
				<p k="p21" v="" />
				<p k="p22" v="" />
				<p k="p23" v="" />
				<p k="p24" v="" />
				<p k="p25" v="" />
				<p k="p26" v="" />
				<p k="p27" v="" />
			</prs>
			<cns>
				<cn id="4" pt="#6" />
				<cn id="2" pt="#8" />
				<cn id="7" pt="#11" />
				<cn id="9" pt="#9" />
				<cn id="5" pt="#7" />
				<cn id="3" pt="#5" />
				<cn id="1" pt="#13" />
				<cn id="0" pt="#14" />
			</cns>
		</c>
	</elements>
</circuit>